playerID,yearID,stint,teamID,lgID,G,AB,R,H,2B,3B,HR,RBI,SB,CS,BB,SO,IBB,HBP,SH,SF,GIDP,AVG,OBP,1B,TB,SLG,OPS,PA,nameFirst,nameLast,birthYear,age,playerName
abramcj01,2025,1,WAS,NL,144,580,92,149,35,5,19,60.0,31.0,3.0,37,125.0,1.0,14.0,1.0,3.0,5.0,0.25689655172413794,0.31545741324921134,90,251,0.43275862068965515,0.7482160339388665,635.0,CJ,Abrams,2000.0,25.0,CJ Abrams
abreuwi02,2025,1,BOS,AL,115,373,53,92,17,0,22,69.0,6.0,3.0,40,101.0,5.0,0.0,1.0,3.0,8.0,0.24664879356568364,0.3173076923076923,53,175,0.4691689008042895,0.7864765931119818,417.0,Wilyer,Abreu,1999.0,26.0,Wilyer Abreu
acunaro01,2025,1,ATL,NL,95,338,74,98,12,1,21,42.0,9.0,1.0,71,102.0,4.0,3.0,0.0,0.0,5.0,0.28994082840236685,0.4174757281553398,64,175,0.5177514792899408,0.9352272074452805,412.0,Ronald,Acuña,1997.0,28.0,Ronald Acuña
adamewi01,2025,1,SFN,NL,160,591,94,133,22,2,30,87.0,12.0,4.0,80,179.0,2.0,5.0,0.0,9.0,9.0,0.22504230118443316,0.3182481751824818,79,249,0.4213197969543147,0.7395679721367965,685.0,Willy,Adames,1995.0,30.0,Willy Adames
adelljo01,2025,1,LAA,AL,152,526,63,124,18,1,37,98.0,5.0,1.0,33,151.0,0.0,10.0,0.0,1.0,10.0,0.23574144486692014,0.2929824561403509,68,255,0.4847908745247148,0.7777733306650657,570.0,Jo,Adell,1999.0,26.0,Jo Adell
albieoz01,2025,1,ATL,NL,157,603,74,145,23,2,16,74.0,14.0,3.0,55,94.0,2.0,4.0,0.0,5.0,9.0,0.24046434494195687,0.3058470764617691,104,220,0.3648424543946932,0.6706895308564623,667.0,Ozzie,Albies,1997.0,28.0,Ozzie Albies
allenni02,2025,1,ATL,NL,135,371,32,82,11,0,0,22.0,8.0,7.0,31,99.0,0.0,3.0,8.0,3.0,8.0,0.2210242587601078,0.28431372549019607,71,93,0.25067385444743934,0.5349875799376353,416.0,Nick,Allen,1998.0,27.0,Nick Allen
alonspe01,2025,1,NYN,NL,162,624,87,170,41,1,38,126.0,1.0,2.0,61,162.0,5.0,15.0,0.0,9.0,23.0,0.2724358974358974,0.3469675599435825,90,327,0.5240384615384616,0.8710060214820441,709.0,Pete,Alonso,1994.0,31.0,Pete Alonso
altuvjo01,2025,1,HOU,AL,155,588,80,156,24,1,26,77.0,10.0,6.0,55,109.0,5.0,4.0,1.0,6.0,20.0,0.2653061224489796,0.32924961715160794,105,260,0.4421768707482993,0.7714264878999073,654.0,Jose,Altuve,1990.0,35.0,Jose Altuve
anthoro01,2025,1,BOS,AL,71,257,48,75,18,1,8,32.0,4.0,1.0,40,84.0,0.0,5.0,0.0,1.0,2.0,0.2918287937743191,0.39603960396039606,48,119,0.46303501945525294,0.859074623415649,303.0,Roman,Anthony,2004.0,21.0,Roman Anthony
arandjo01,2025,1,TBA,AL,106,370,56,117,22,0,14,59.0,0.0,2.0,41,107.0,3.0,8.0,0.0,3.0,9.0,0.3162162162162162,0.3933649289099526,81,181,0.4891891891891892,0.8825541180991419,422.0,Jonathan,Aranda,1998.0,27.0,Jonathan Aranda
arenano01,2025,1,SLN,NL,107,401,48,95,18,1,12,52.0,3.0,0.0,28,49.0,4.0,3.0,0.0,4.0,10.0,0.23690773067331672,0.2889908256880734,64,151,0.3765586034912718,0.6655494291793451,436.0,Nolan,Arenado,1991.0,34.0,Nolan Arenado
ariasga01,2025,1,CLE,AL,129,432,44,95,25,2,11,54.0,8.0,4.0,27,162.0,1.0,7.0,1.0,4.0,8.0,0.2199074074074074,0.274468085106383,57,157,0.36342592592592593,0.6378940110323089,471.0,Gabriel,Arias,2000.0,25.0,Gabriel Arias
arozara01,2025,1,SEA,AL,160,613,95,146,32,1,27,76.0,31.0,6.0,64,191.0,2.0,27.0,0.0,5.0,9.0,0.23817292006525284,0.3342736248236953,86,261,0.4257748776508972,0.7600485024745925,709.0,Randy,Arozarena,1995.0,30.0,Randy Arozarena
arraelu01,2025,1,SDN,NL,154,620,66,181,30,4,8,61.0,11.0,4.0,34,21.0,0.0,2.0,12.0,7.0,12.0,0.29193548387096774,0.3273001508295626,139,243,0.3919354838709677,0.7192356347005303,675.0,Luis,Arraez,1997.0,28.0,Luis Arraez
baderha01,2025,1,MIN,AL,96,271,31,70,13,0,12,38.0,10.0,4.0,27,81.0,0.0,7.0,0.0,2.0,3.0,0.25830258302583026,0.33876221498371334,45,119,0.43911439114391143,0.7778766061276248,307.0,Harrison,Bader,1994.0,31.0,Harrison Bader
baezja01,2025,1,DET,AL,126,417,55,107,17,3,12,57.0,5.0,1.0,10,109.0,0.0,6.0,0.0,3.0,8.0,0.2565947242206235,0.28211009174311924,75,166,0.3980815347721823,0.6801916265153015,436.0,Javier,Baez,1992.0,33.0,Javier Baez
bailepa01,2025,1,SFN,NL,135,409,47,91,18,3,6,55.0,1.0,0.0,30,133.0,0.0,3.0,4.0,6.0,7.0,0.22249388753056235,0.2767857142857143,64,133,0.3251833740831296,0.6019690883688439,452.0,Patrick,Bailey,1999.0,26.0,Patrick Bailey
baldwbr01,2025,1,CHA,AL,103,300,32,72,15,1,11,38.0,5.0,0.0,21,86.0,0.0,1.0,4.0,2.0,9.0,0.24,0.29012345679012347,45,122,0.4066666666666667,0.6967901234567901,328.0,Brooks,Baldwin,2000.0,25.0,Brooks Baldwin
baldwdr01,2025,1,ATL,NL,124,405,56,111,18,2,19,80.0,0.0,0.0,38,68.0,0.0,3.0,0.0,0.0,9.0,0.2740740740740741,0.34080717488789236,72,190,0.4691358024691358,0.8099429773570281,446.0,Drake,Baldwin,2001.0,24.0,Drake Baldwin
bargead01,2025,1,TOR,AL,135,460,61,112,32,1,21,74.0,4.0,1.0,36,121.0,4.0,3.0,0.0,2.0,8.0,0.24347826086956523,0.3013972055888224,58,209,0.4543478260869565,0.7557450316757789,501.0,Addison,Barger,1999.0,26.0,Addison Barger
bartjo01,2025,1,PIT,NL,93,285,21,71,12,1,4,30.0,1.0,1.0,40,93.0,0.0,7.0,0.0,0.0,14.0,0.24912280701754386,0.35542168674698793,54,97,0.34035087719298246,0.6957725639399703,332.0,Joey,Bart,1996.0,29.0,Joey Bart
batybr01,2025,1,NYN,NL,130,393,53,100,13,2,18,50.0,8.0,0.0,33,108.0,0.0,2.0,0.0,3.0,6.0,0.2544529262086514,0.31322505800464034,67,171,0.4351145038167939,0.7483395618214342,431.0,Brett,Baty,1999.0,26.0,Brett Baty
beckjo01,2025,1,COL,NL,148,539,62,139,27,5,16,53.0,19.0,8.0,43,174.0,0.0,4.0,0.0,1.0,9.0,0.25788497217068646,0.31686541737649065,91,224,0.4155844155844156,0.7324498329609063,587.0,Jordan,Beck,2001.0,24.0,Jordan Beck
bellico01,2025,1,NYA,AL,152,588,89,160,25,5,29,98.0,13.0,2.0,57,90.0,1.0,2.0,0.0,9.0,8.0,0.272108843537415,0.33384146341463417,101,282,0.47959183673469385,0.813433300149328,656.0,Cody,Bellinger,1995.0,30.0,Cody Bellinger
belljo02,2025,1,WAS,NL,140,468,54,111,16,1,22,63.0,0.0,3.0,57,88.0,1.0,5.0,0.0,3.0,15.0,0.23717948717948717,0.324577861163227,72,195,0.4166666666666667,0.7412445278298937,533.0,Josh,Bell,1992.0,33.0,Josh Bell
beninan01,2025,1,CHA,AL,116,420,57,101,16,2,20,63.0,1.0,0.0,40,82.0,2.0,3.0,0.0,6.0,5.0,0.24047619047619048,0.3070362473347548,63,181,0.430952380952381,0.7379886282871357,469.0,Andrew,Benintendi,1994.0,31.0,Andrew Benintendi
bettsmo01,2025,1,LAN,NL,150,589,95,152,23,2,20,82.0,8.0,2.0,61,68.0,2.0,3.0,0.0,10.0,15.0,0.25806451612903225,0.3257918552036199,107,239,0.4057724957555178,0.7315643509591377,663.0,Mookie,Betts,1992.0,33.0,Mookie Betts
bichebo01,2025,1,TOR,AL,139,582,78,181,44,1,18,94.0,4.0,3.0,40,91.0,2.0,3.0,0.0,3.0,17.0,0.31099656357388317,0.35668789808917195,118,281,0.48281786941580757,0.8395057675049795,628.0,Bo,Bichette,1998.0,27.0,Bo Bichette
bledajj01,2025,1,ATH,AL,98,307,48,65,17,0,14,39.0,1.0,2.0,36,91.0,2.0,0.0,0.0,1.0,6.0,0.21172638436482086,0.2936046511627907,34,124,0.40390879478827363,0.6975134459510643,344.0,JJ,Bleday,1997.0,28.0,JJ Bleday
bogaexa01,2025,1,SDN,NL,136,491,63,129,30,0,11,53.0,20.0,2.0,48,94.0,3.0,4.0,1.0,8.0,12.0,0.26272912423625255,0.32849364791288566,88,192,0.3910386965376782,0.7195323444505639,552.0,Xander,Bogaerts,1992.0,33.0,Xander Bogaerts
bohmal01,2025,1,PHI,NL,120,464,53,133,18,3,11,59.0,2.0,0.0,29,82.0,0.0,5.0,0.0,6.0,16.0,0.28663793103448276,0.33134920634920634,101,190,0.40948275862068967,0.740831964969896,504.0,Alec,Bohm,1996.0,29.0,Alec Bohm
bregmal01,2025,1,BOS,AL,114,433,64,118,28,0,18,62.0,1.0,1.0,51,70.0,3.0,9.0,0.0,2.0,12.0,0.27251732101616627,0.3595959595959596,72,200,0.4618937644341801,0.8214897240301398,495.0,Alex,Bregman,1994.0,31.0,Alex Bregman
burgeja01,2025,1,TEX,AL,103,356,43,84,15,1,16,53.0,1.0,1.0,12,93.0,0.0,5.0,0.0,3.0,3.0,0.23595505617977527,0.26861702127659576,52,149,0.41853932584269665,0.6871563471192924,376.0,Jake,Burger,1996.0,29.0,Jake Burger
burleal01,2025,1,SLN,NL,139,497,54,144,26,2,18,69.0,5.0,1.0,39,79.0,1.0,3.0,1.0,4.0,14.0,0.289738430583501,0.3425414364640884,98,228,0.45875251509054327,0.8012939515546317,544.0,Alec,Burleson,1998.0,27.0,Alec Burleson
buschmi02,2025,1,CHN,NL,155,524,78,137,25,5,34,90.0,4.0,0.0,56,139.0,2.0,10.0,0.0,2.0,2.0,0.26145038167938933,0.34290540540540543,73,274,0.5229007633587787,0.865806168764184,592.0,Michael,Busch,1997.0,28.0,Michael Busch
butlela01,2025,1,ATH,AL,152,569,83,133,30,2,21,63.0,22.0,7.0,59,179.0,0.0,0.0,2.0,0.0,7.0,0.23374340949033393,0.3057324840764331,80,230,0.40421792618629176,0.7099504102627249,630.0,Lawrence,Butler,2000.0,25.0,Lawrence Butler
buxtoby01,2025,1,MIN,AL,126,488,97,129,21,7,35,83.0,24.0,0.0,41,148.0,5.0,7.0,0.0,6.0,0.0,0.26434426229508196,0.32656826568265684,66,269,0.5512295081967213,0.8777977738793782,542.0,Byron,Buxton,1993.0,32.0,Byron Buxton
caminju01,2025,1,TBA,AL,154,602,93,159,28,0,45,110.0,7.0,1.0,41,125.0,1.0,3.0,0.0,7.0,31.0,0.26411960132890366,0.3108728943338438,86,322,0.5348837209302325,0.8457566152640763,653.0,Junior,Caminero,2003.0,22.0,Junior Caminero
caratvi01,2025,1,HOU,AL,114,344,35,89,14,0,12,46.0,1.0,0.0,23,65.0,0.0,13.0,0.0,6.0,8.0,0.25872093023255816,0.3238341968911917,63,139,0.40406976744186046,0.7279039643330522,386.0,Victor,Caratini,1993.0,32.0,Victor Caratini
carpeke01,2025,1,DET,AL,130,433,66,109,18,5,26,62.0,1.0,1.0,18,106.0,0.0,7.0,0.0,2.0,3.0,0.2517321016166282,0.29130434782608694,60,215,0.49653579676674364,0.7878401445928306,460.0,Kerry,Carpenter,1997.0,28.0,Kerry Carpenter
carroco02,2025,1,ARI,NL,143,564,107,146,32,17,31,84.0,32.0,6.0,67,153.0,4.0,7.0,0.0,4.0,6.0,0.25886524822695034,0.3426791277258567,66,305,0.5407801418439716,0.8834592695698282,642.0,Corbin,Carroll,2000.0,25.0,Corbin Carroll
casteni01,2025,1,PHI,NL,147,547,72,137,27,2,17,72.0,4.0,0.0,32,133.0,0.0,4.0,0.0,6.0,13.0,0.25045703839122485,0.2937181663837012,91,219,0.40036563071297987,0.6940837970966811,589.0,Nick,Castellanos,1992.0,33.0,Nick Castellanos
castrwi01,2025,1,MIN,AL,86,302,48,74,15,2,10,27.0,9.0,3.0,32,84.0,1.0,9.0,1.0,0.0,9.0,0.24503311258278146,0.33527696793002915,47,123,0.40728476821192056,0.7425617361419496,344.0,Willi,Castro,1997.0,28.0,Willi Castro
chapmma01,2025,1,SFN,NL,128,454,76,105,23,2,21,61.0,9.0,4.0,71,126.0,1.0,6.0,0.0,4.0,8.0,0.23127753303964757,0.3401869158878505,59,195,0.42951541850220265,0.7697023343900531,535.0,Matt,Chapman,1993.0,32.0,Matt Chapman
chishja01,2025,1,NYA,AL,130,462,75,112,15,1,31,80.0,31.0,8.0,58,148.0,1.0,6.0,1.0,4.0,3.0,0.24242424242424243,0.3320754716981132,65,222,0.4805194805194805,0.8125949522175937,531.0,Jazz,Chisholm,1998.0,27.0,Jazz Chisholm
chourja01,2025,1,MIL,NL,131,549,88,148,35,4,21,78.0,21.0,7.0,30,121.0,1.0,3.0,1.0,6.0,13.0,0.26958105646630237,0.3078231292517007,88,254,0.46265938069216755,0.7704825099438682,589.0,Jackson,Chourio,2004.0,21.0,Jackson Chourio
clemeer01,2025,1,TOR,AL,157,545,83,151,35,2,9,50.0,6.0,5.0,27,61.0,1.0,4.0,7.0,5.0,13.0,0.27706422018348625,0.3132530120481928,105,217,0.3981651376146789,0.7114181496628718,588.0,Ernie,Clement,1996.0,29.0,Ernie Clement
clemeko01,2025,2,MIN,AL,112,342,46,74,12,4,19,52.0,5.0,1.0,28,93.0,1.0,5.0,2.0,2.0,4.0,0.21637426900584794,0.2838196286472148,39,151,0.4415204678362573,0.7253400964834722,379.0,Kody,Clemens,1996.0,29.0,Kody Clemens
colliis01,2025,1,MIL,NL,130,372,56,98,22,3,9,54.0,16.0,7.0,57,93.0,0.0,6.0,3.0,3.0,8.0,0.26344086021505375,0.3675799086757991,64,153,0.4112903225806452,0.7788702312564443,441.0,Isaac,Collins,1997.0,28.0,Isaac Collins
confomi01,2025,1,LAN,NL,138,418,54,83,20,0,12,36.0,1.0,0.0,56,121.0,0.0,9.0,0.0,3.0,12.0,0.19856459330143542,0.3045267489711934,51,139,0.33253588516746413,0.6370626341386576,486.0,Michael,Conforto,1993.0,32.0,Michael Conforto
contrwi01,2025,1,SLN,NL,135,490,70,126,31,1,20,80.0,5.0,1.0,44,142.0,1.0,23.0,1.0,4.0,15.0,0.2571428571428571,0.34402852049910876,74,219,0.44693877551020406,0.7909672960093128,562.0,Willson,Contreras,1992.0,33.0,Willson Contreras
contrwi02,2025,1,MIL,NL,150,566,89,147,28,0,17,76.0,6.0,4.0,84,120.0,4.0,3.0,0.0,6.0,14.0,0.2597173144876325,0.3550834597875569,102,226,0.3992932862190813,0.7543767460066382,659.0,William,Contreras,1997.0,28.0,William Contreras
correca01,2025,1,MIN,AL,93,337,40,90,19,0,7,31.0,0.0,0.0,26,68.0,0.0,0.0,0.0,1.0,12.0,0.26706231454005935,0.31868131868131866,64,130,0.3857566765578635,0.7044379952391822,364.0,Carlos,Correa,1994.0,31.0,Carlos Correa
cowseco01,2025,1,BAL,AL,92,327,36,64,14,0,16,40.0,14.0,0.0,27,128.0,1.0,6.0,0.0,0.0,5.0,0.19571865443425077,0.26944444444444443,34,126,0.3853211009174312,0.6547655453618757,360.0,Colton,Cowser,2000.0,25.0,Colton Cowser
crawfjp01,2025,1,SEA,AL,157,570,69,151,24,0,12,58.0,8.0,1.0,74,122.0,1.0,3.0,6.0,1.0,11.0,0.2649122807017544,0.35185185185185186,115,211,0.3701754385964912,0.7220272904483431,654.0,J. P.,Crawford,1995.0,30.0,J. P. Crawford
crewsdy01,2025,1,WAS,NL,85,293,43,61,8,2,10,27.0,17.0,5.0,24,76.0,0.0,5.0,0.0,0.0,4.0,0.20819112627986347,0.2795031055900621,41,103,0.3515358361774744,0.6310389417675365,322.0,Dylan,Crews,2002.0,23.0,Dylan Crews
croneja01,2025,1,SDN,NL,135,419,61,103,20,1,11,59.0,3.0,3.0,69,107.0,1.0,15.0,4.0,7.0,4.0,0.2458233890214797,0.36666666666666664,71,158,0.37708830548926014,0.7437549721559268,514.0,Jake,Cronenworth,1994.0,31.0,Jake Cronenworth
crowape01,2025,1,CHN,NL,157,591,91,146,37,4,31,95.0,35.0,8.0,29,155.0,1.0,9.0,6.0,12.0,1.0,0.2470389170896785,0.2870514820592824,74,284,0.4805414551607445,0.7675929372200269,647.0,Pete,Crow-Armstrong,2002.0,23.0,Pete Crow-Armstrong
cruzon01,2025,1,PIT,NL,135,471,62,94,18,3,20,61.0,38.0,5.0,64,174.0,4.0,4.0,0.0,5.0,6.0,0.19957537154989385,0.2977941176470588,53,178,0.37791932059447986,0.6757134382415386,544.0,Oneil,Cruz,1998.0,27.0,Oneil Cruz
delacel01,2025,1,CIN,NL,162,629,102,166,31,7,22,86.0,37.0,8.0,67,181.0,10.0,2.0,0.0,1.0,14.0,0.26391096979332274,0.3361945636623748,106,277,0.44038155802861684,0.7765761216909917,699.0,Elly,De La Cruz,2002.0,23.0,Elly De La Cruz
deverra01,2025,1,BOS,AL,73,272,47,74,18,0,15,58.0,1.0,1.0,56,76.0,7.0,4.0,0.0,2.0,7.0,0.27205882352941174,0.40119760479041916,41,137,0.5036764705882353,0.9048740753786544,334.0,Rafael,Devers,1996.0,29.0,Rafael Devers
deverra01,2025,2,SFN,NL,90,335,52,79,15,0,20,51.0,0.0,0.0,56,116.0,3.0,2.0,0.0,2.0,9.0,0.23582089552238805,0.3468354430379747,44,154,0.4597014925373134,0.806536935575288,395.0,Rafael,Devers,1996.0,29.0,Rafael Devers
diazya01,2025,1,TBA,AL,150,583,79,175,29,1,25,83.0,3.0,1.0,57,92.0,4.0,6.0,0.0,5.0,12.0,0.30017152658662094,0.3655913978494624,120,281,0.48198970840480276,0.8475811062542651,651.0,Yandy,Diaz,1991.0,34.0,Yandy Diaz
diazya02,2025,1,HOU,AL,143,542,56,139,25,1,20,70.0,1.0,1.0,20,95.0,2.0,2.0,0.0,3.0,13.0,0.2564575645756458,0.2839506172839506,93,226,0.41697416974169743,0.7009247870256481,567.0,Yainer,Diaz,1998.0,27.0,Yainer Diaz
dingldi01,2025,1,DET,AL,126,435,54,121,21,2,13,57.0,0.0,0.0,23,110.0,2.0,9.0,0.0,1.0,5.0,0.27816091954022987,0.3269230769230769,85,185,0.42528735632183906,0.752210433244916,468.0,Dillon,Dingler,1998.0,27.0,Dillon Dingler
dominja01,2025,1,NYA,AL,123,381,58,98,18,1,10,47.0,23.0,5.0,41,115.0,1.0,3.0,0.0,4.0,5.0,0.2572178477690289,0.331002331002331,69,148,0.3884514435695538,0.7194537745718848,429.0,Jasson,Domínguez,2003.0,22.0,Jasson Domínguez
donovbr01,2025,1,SLN,NL,118,460,64,132,32,0,10,50.0,3.0,3.0,42,67.0,3.0,7.0,2.0,4.0,4.0,0.28695652173913044,0.35282651072124754,90,194,0.4217391304347826,0.7745656411560302,515.0,Brendan,Donovan,1997.0,28.0,Brendan Donovan
doylebr02,2025,1,COL,NL,138,502,57,117,23,2,15,57.0,18.0,2.0,30,138.0,0.0,0.0,2.0,4.0,14.0,0.23306772908366533,0.27425373134328357,77,189,0.37649402390438247,0.650747755247666,538.0,Brenton,Doyle,1998.0,27.0,Brenton Doyle
dubonma01,2025,1,HOU,AL,133,369,43,89,21,0,7,33.0,3.0,0.0,24,42.0,0.0,1.0,3.0,1.0,12.0,0.24119241192411925,0.28860759493670884,61,131,0.35501355013550134,0.6436211450722102,398.0,Mauricio,Dubon,1994.0,31.0,Mauricio Dubon
duranja01,2025,1,BOS,AL,157,620,86,159,41,13,16,84.0,24.0,6.0,60,169.0,1.0,12.0,1.0,3.0,6.0,0.2564516129032258,0.33237410071942447,89,274,0.44193548387096776,0.7743095845903922,696.0,Jarren,Duran,1996.0,29.0,Jarren Duran
durbica01,2025,1,MIL,NL,136,445,60,114,25,0,11,53.0,18.0,6.0,30,50.0,0.0,24.0,3.0,4.0,10.0,0.25617977528089886,0.33399602385685884,78,172,0.3865168539325843,0.7205128777894432,506.0,Caleb,Durbin,2000.0,25.0,Caleb Durbin
edmanto01,2025,1,LAN,NL,97,346,49,78,13,1,13,49.0,3.0,1.0,19,61.0,0.0,6.0,1.0,5.0,4.0,0.2254335260115607,0.27393617021276595,51,132,0.3815028901734104,0.6554390603861764,377.0,Tommy,Edman,1995.0,30.0,Tommy Edman
edwarxa01,2025,1,MIA,NL,139,561,75,159,20,5,3,43.0,27.0,7.0,49,88.0,2.0,3.0,3.0,3.0,6.0,0.28342245989304815,0.3425324675324675,131,198,0.35294117647058826,0.6954736440030558,619.0,Xavier,Edwards,1999.0,26.0,Xavier Edwards
espinsa01,2025,1,CIN,NL,114,301,25,73,12,0,0,16.0,2.0,1.0,21,38.0,0.0,1.0,3.0,2.0,11.0,0.2425249169435216,0.2923076923076923,61,85,0.2823920265780731,0.5746997188857654,328.0,Santiago,Espinal,1994.0,31.0,Santiago Espinal
farmeky01,2025,1,COL,NL,97,277,24,63,14,0,8,31.0,0.0,1.0,17,66.0,0.0,4.0,0.0,2.0,9.0,0.22743682310469315,0.28,41,101,0.36462093862815886,0.644620938628159,300.0,Kyle,Farmer,1990.0,35.0,Kyle Farmer
florewi01,2025,1,SFN,NL,125,419,44,101,10,0,16,71.0,1.0,0.0,34,88.0,0.0,7.0,0.0,3.0,14.0,0.24105011933174225,0.30669546436285094,75,159,0.3794749403341289,0.6861704046969799,463.0,Wilmer,Flores,1991.0,34.0,Wilmer Flores
francty01,2025,1,MIN,AL,101,350,41,88,19,0,6,44.0,1.0,0.0,19,63.0,0.0,17.0,0.0,1.0,8.0,0.25142857142857145,0.32041343669250644,63,125,0.35714285714285715,0.6775562938353636,387.0,Ty,France,1994.0,31.0,Ty France
freemfr01,2025,1,LAN,NL,147,556,81,164,39,2,24,90.0,6.0,2.0,60,128.0,7.0,6.0,0.0,5.0,13.0,0.2949640287769784,0.3668261562998405,99,279,0.5017985611510791,0.8686247174509196,627.0,Freddie,Freeman,1989.0,36.0,Freddie Freeman
freemty01,2025,1,COL,NL,110,377,50,106,20,2,2,31.0,18.0,9.0,34,51.0,0.0,11.0,2.0,4.0,10.0,0.28116710875331563,0.3544600938967136,82,136,0.36074270557029176,0.7152027994670054,428.0,Tyler,Freeman,1999.0,26.0,Tyler Freeman
frelisa01,2025,1,MIL,NL,142,528,76,152,20,3,12,63.0,19.0,6.0,47,80.0,0.0,7.0,3.0,5.0,4.0,0.2878787878787879,0.35093696763202725,117,214,0.4053030303030303,0.7562399979350576,590.0,Sal,Frelick,2000.0,25.0,Sal Frelick
friedtj01,2025,1,CIN,NL,152,579,82,151,22,2,14,53.0,12.0,3.0,81,115.0,0.0,16.0,4.0,5.0,7.0,0.2607944732297064,0.3641703377386197,113,219,0.37823834196891193,0.7424086797075315,685.0,TJ,Friedl,1995.0,30.0,TJ Friedl
garciad02,2025,1,TEX,AL,135,507,58,115,28,0,19,75.0,13.0,4.0,28,135.0,1.0,5.0,0.0,7.0,9.0,0.22682445759368836,0.27056672760511885,68,200,0.39447731755424065,0.6650440451593596,547.0,Adolis,Garcia,1993.0,32.0,Adolis Garcia
garcilu04,2025,1,WAS,NL,139,488,67,123,28,1,16,66.0,14.0,5.0,27,84.0,1.0,2.0,0.0,9.0,7.0,0.2520491803278688,0.2889733840304182,78,201,0.41188524590163933,0.7008586299320576,526.0,Luis,Garcia,2000.0,25.0,Luis Garcia
garcima01,2025,1,KCA,AL,160,595,81,170,39,5,16,74.0,23.0,9.0,62,84.0,0.0,1.0,3.0,5.0,14.0,0.2857142857142857,0.3514328808446455,110,267,0.44873949579831934,0.8001723766429649,666.0,Maikel,Garcia,2000.0,25.0,Maikel Garcia
gimenan01,2025,1,TOR,AL,101,329,39,69,11,1,7,35.0,12.0,2.0,25,66.0,0.0,11.0,1.0,3.0,8.0,0.20972644376899696,0.28532608695652173,50,103,0.3130699088145897,0.5983959957711114,369.0,Andres,Gimenez,1998.0,27.0,Andres Gimenez
goldspa01,2025,1,NYA,AL,146,489,76,134,31,1,10,45.0,5.0,1.0,36,100.0,5.0,4.0,0.0,2.0,8.0,0.2740286298568507,0.327683615819209,92,197,0.40286298568507156,0.7305466015042805,531.0,Paul,Goldschmidt,1987.0,38.0,Paul Goldschmidt
gonzani01,2025,1,PIT,NL,96,381,39,99,18,3,5,30.0,0.0,2.0,21,73.0,0.0,2.0,0.0,4.0,12.0,0.25984251968503935,0.29901960784313725,73,138,0.36220472440944884,0.6612243322525861,408.0,Nick,Gonzales,1999.0,26.0,Nick Gonzales
gonzaro01,2025,1,BOS,AL,96,315,47,96,23,3,9,53.0,6.0,5.0,18,81.0,1.0,3.0,0.0,5.0,8.0,0.3047619047619048,0.34310850439882695,61,152,0.48253968253968255,0.8256481869385095,341.0,Romy,Gonzalez,1996.0,29.0,Romy Gonzalez
goodmhu01,2025,1,COL,NL,144,540,73,150,28,5,31,91.0,1.0,2.0,33,152.0,0.0,4.0,0.0,2.0,16.0,0.2777777777777778,0.3229706390328152,86,281,0.5203703703703704,0.8433410094031856,579.0,Hunter,Goodman,1999.0,26.0,Hunter Goodman
gormano01,2025,1,SLN,NL,111,351,48,72,14,1,14,46.0,1.0,1.0,47,136.0,2.0,0.0,0.0,4.0,1.0,0.20512820512820512,0.2960199004975124,43,130,0.37037037037037035,0.6663902708678828,402.0,Nolan,Gorman,2000.0,25.0,Nolan Gorman
greenri02,2025,1,DET,AL,157,600,84,155,31,1,36,111.0,2.0,1.0,46,201.0,1.0,4.0,0.0,5.0,14.0,0.25833333333333336,0.31297709923664124,87,296,0.49333333333333335,0.8063104325699746,655.0,Riley,Greene,2000.0,25.0,Riley Greene
grishtr01,2025,1,NYA,AL,143,494,87,116,9,1,34,74.0,3.0,2.0,82,137.0,0.0,4.0,0.0,1.0,7.0,0.23481781376518218,0.3476764199655766,72,229,0.46356275303643724,0.8112391730020139,581.0,Trent,Grisham,1996.0,29.0,Trent Grisham
guerrvl02,2025,1,TOR,AL,156,589,96,172,34,0,23,84.0,6.0,3.0,81,94.0,8.0,6.0,0.0,4.0,17.0,0.2920203735144312,0.38088235294117645,115,275,0.466893039049236,0.8477753919904125,680.0,Vladimir,Guerrero,1999.0,26.0,Vladimir Guerrero
gurrilo01,2025,1,ARI,NL,129,500,52,124,24,2,19,80.0,10.0,4.0,31,76.0,0.0,6.0,0.0,9.0,11.0,0.248,0.2948717948717949,79,209,0.418,0.7128717948717949,546.0,Lourdes,Gurriel,1993.0,32.0,Lourdes Gurriel
happia01,2025,1,CHN,NL,150,569,87,138,32,0,23,79.0,6.0,3.0,87,151.0,2.0,2.0,0.0,5.0,8.0,0.24253075571177504,0.34238310708898945,83,239,0.4200351493848858,0.7624182564738753,663.0,Ian,Happ,1994.0,31.0,Ian Happ
harpebr03,2025,1,PHI,NL,132,501,72,131,32,0,27,75.0,12.0,2.0,70,121.0,6.0,6.0,0.0,3.0,5.0,0.26147704590818366,0.3568965517241379,72,244,0.4870259481037924,0.8439224998279303,580.0,Bryce,Harper,1992.0,33.0,Bryce Harper
harrimi04,2025,1,ATL,NL,160,611,55,152,26,6,20,86.0,20.0,6.0,16,128.0,1.0,3.0,4.0,7.0,7.0,0.24877250409165302,0.2684458398744113,100,250,0.40916530278232405,0.6776111426567353,641.0,Michael,Harris,2001.0,24.0,Michael Harris
hayeske01,2025,1,PIT,NL,100,369,34,87,10,2,2,36.0,10.0,2.0,18,81.0,1.0,4.0,1.0,0.0,8.0,0.23577235772357724,0.27877237851662406,73,107,0.2899728997289973,0.5687452782456214,392.0,Ke'Bryan,Hayes,1997.0,28.0,Ke'Bryan Hayes
haysau01,2025,1,CIN,NL,103,380,60,101,16,5,15,64.0,7.0,0.0,29,107.0,2.0,1.0,0.0,6.0,9.0,0.2657894736842105,0.31490384615384615,65,172,0.45263157894736844,0.7675354251012145,416.0,Austin,Hays,1995.0,30.0,Austin Hays
heimjo01,2025,1,TEX,AL,124,395,38,84,14,0,11,43.0,3.0,0.0,32,88.0,0.0,1.0,1.0,4.0,10.0,0.21265822784810126,0.2708333333333333,59,131,0.33164556962025316,0.6024789029535864,433.0,Jonah,Heim,1995.0,30.0,Jonah Heim
hendegu01,2025,1,BAL,AL,154,577,85,158,34,5,17,68.0,30.0,5.0,62,137.0,6.0,7.0,0.0,5.0,7.0,0.2738301559792028,0.3486943164362519,102,253,0.43847487001733104,0.787169186453583,651.0,Gunnar,Henderson,2001.0,24.0,Gunnar Henderson
hernate01,2025,1,LAN,NL,134,511,65,126,29,1,25,89.0,5.0,2.0,26,134.0,0.0,3.0,0.0,5.0,13.0,0.2465753424657534,0.28440366972477066,71,232,0.45401174168297453,0.7384154114077452,545.0,Teoscar,Hernandez,1992.0,33.0,Teoscar Hernandez
herreiv01,2025,1,SLN,NL,107,388,54,110,13,0,19,66.0,8.0,2.0,43,84.0,1.0,15.0,0.0,4.0,20.0,0.28350515463917525,0.37333333333333335,78,180,0.4639175257731959,0.8372508591065293,450.0,Ivan,Herrera,2000.0,25.0,Ivan Herrera
hicksli01,2025,1,MIA,NL,119,332,37,82,13,1,6,45.0,2.0,0.0,43,56.0,0.0,9.0,3.0,3.0,5.0,0.2469879518072289,0.3462532299741602,62,115,0.3463855421686747,0.6926387721428349,390.0,Liam,Hicks,1999.0,26.0,Liam Hicks
higasky01,2025,1,TEX,AL,94,303,33,73,14,1,11,47.0,3.0,1.0,20,72.0,0.0,2.0,0.0,2.0,5.0,0.24092409240924093,0.290519877675841,47,122,0.40264026402640263,0.6931601417022436,327.0,Kyle,Higashioka,1990.0,35.0,Kyle Higashioka
hoernni01,2025,1,CHN,NL,156,599,89,178,29,4,7,61.0,29.0,6.0,39,49.0,1.0,7.0,0.0,4.0,4.0,0.29716193656093487,0.34514637904468415,138,236,0.39398998330550916,0.7391363623501933,649.0,Nico,Hoerner,1997.0,28.0,Nico Hoerner
hollija01,2025,1,BAL,AL,149,586,70,142,21,3,17,55.0,17.0,11.0,56,140.0,1.0,6.0,0.0,1.0,4.0,0.24232081911262798,0.31432973805855163,101,220,0.37542662116040953,0.6897563592189612,649.0,Jackson,Holliday,2003.0,22.0,Jackson Holliday
horwisp01,2025,1,PIT,NL,108,364,55,99,26,0,11,51.0,0.0,1.0,44,73.0,1.0,2.0,0.0,1.0,7.0,0.27197802197802196,0.35279805352798055,62,158,0.4340659340659341,0.7868639875939146,411.0,Spencer,Horwitz,1997.0,28.0,Spencer Horwitz
hoskirh01,2025,1,MIL,NL,90,279,30,66,12,1,12,43.0,2.0,1.0,38,91.0,2.0,5.0,0.0,6.0,6.0,0.23655913978494625,0.3323170731707317,41,116,0.4157706093189964,0.7480876824897281,328.0,Rhys,Hoskins,1993.0,32.0,Rhys Hoskins
iglesjo01,2025,1,SDN,NL,112,306,29,70,11,0,3,36.0,5.0,1.0,24,56.0,0.0,7.0,4.0,2.0,7.0,0.22875816993464052,0.29793510324483774,56,90,0.29411764705882354,0.5920527503036612,343.0,Jose,Iglesias,1990.0,35.0,Jose Iglesias
indiajo01,2025,1,KCA,AL,136,497,63,116,29,0,9,45.0,0.0,4.0,54,106.0,0.0,13.0,1.0,2.0,10.0,0.23340040241448692,0.32332155477031804,78,172,0.3460764587525151,0.6693980135228331,567.0,Jonathan,India,1996.0,29.0,Jonathan India
isbelky01,2025,1,KCA,AL,135,368,42,94,16,4,4,33.0,4.0,5.0,23,74.0,0.0,2.0,13.0,3.0,7.0,0.2554347826086957,0.3005050505050505,70,130,0.3532608695652174,0.6537659200702679,409.0,Kyle,Isbel,1997.0,28.0,Kyle Isbel
jeffery01,2025,1,MIN,AL,119,406,47,108,26,0,9,47.0,1.0,1.0,50,91.0,1.0,7.0,0.0,1.0,9.0,0.2660098522167488,0.35560344827586204,73,161,0.39655172413793105,0.7521551724137931,464.0,Ryan,Jeffers,1997.0,28.0,Ryan Jeffers
jonesno01,2025,1,CLE,AL,136,355,34,75,14,2,5,34.0,8.0,3.0,39,113.0,1.0,5.0,1.0,3.0,6.0,0.2112676056338028,0.2960199004975124,54,108,0.30422535211267604,0.6002452526101885,403.0,Nolan,Jones,1998.0,27.0,Nolan Jones
judgeaa01,2025,1,NYA,AL,152,541,137,179,30,2,53,114.0,12.0,5.0,124,160.0,36.0,7.0,0.0,7.0,16.0,0.33086876155268025,0.4565537555228277,94,372,0.6876155268022182,1.1441692823250458,679.0,Aaron,Judge,1992.0,33.0,Aaron Judge
jungjo01,2025,1,TEX,AL,131,482,53,121,23,1,14,61.0,4.0,1.0,27,129.0,0.0,2.0,0.0,0.0,10.0,0.25103734439834025,0.29354207436399216,83,188,0.3900414937759336,0.6835835681399258,511.0,Josh,Jung,1998.0,27.0,Josh Jung
keithco01,2025,1,DET,AL,137,414,65,106,22,2,13,45.0,1.0,1.0,48,102.0,1.0,2.0,0.0,4.0,7.0,0.2560386473429952,0.3333333333333333,69,171,0.41304347826086957,0.7463768115942029,468.0,Colt,Keith,2001.0,24.0,Colt Keith
kellyca02,2025,1,CHN,NL,111,369,48,92,13,1,17,50.0,2.0,0.0,45,80.0,0.0,3.0,0.0,4.0,11.0,0.24932249322493225,0.332541567695962,61,158,0.4281842818428184,0.7607258495387804,421.0,Carson,Kelly,1994.0,31.0,Carson Kelly
keplema01,2025,1,PHI,NL,127,417,58,90,19,0,18,52.0,3.0,0.0,48,93.0,3.0,4.0,1.0,4.0,10.0,0.2158273381294964,0.30021141649048627,53,163,0.3908872901678657,0.691098706658352,474.0,Max,Kepler,1993.0,32.0,Max Kepler
kineris01,2025,1,PIT,NL,119,401,40,106,20,2,1,35.0,15.0,4.0,17,69.0,0.0,4.0,5.0,1.0,9.0,0.26433915211970077,0.30023640661938533,83,133,0.3316708229426434,0.6319072295620287,428.0,Isiah,Kiner-Falefa,1995.0,30.0,Isiah Kiner-Falefa
kirkal01,2025,1,TOR,AL,130,451,45,127,18,0,15,76.0,1.0,0.0,48,59.0,2.0,1.0,0.0,6.0,16.0,0.28159645232815966,0.34782608695652173,94,190,0.4212860310421286,0.7691121179986503,506.0,Alejandro,Kirk,1998.0,27.0,Alejandro Kirk
kurtzni01,2025,1,ATH,AL,117,420,90,122,26,2,36,86.0,2.0,1.0,63,151.0,3.0,2.0,0.0,3.0,4.0,0.2904761904761905,0.3831967213114754,58,260,0.6190476190476191,1.0022443403590944,488.0,Nick,Kurtz,2003.0,22.0,Nick Kurtz
kwanst01,2025,1,CLE,AL,156,625,81,170,29,1,11,56.0,21.0,5.0,55,60.0,2.0,3.0,3.0,7.0,3.0,0.272,0.33043478260869563,129,234,0.3744,0.7048347826086956,693.0,Steven,Kwan,1997.0,28.0,Steven Kwan
langesh01,2025,1,ATH,AL,123,481,73,133,32,0,31,72.0,7.0,1.0,36,103.0,1.0,1.0,0.0,5.0,10.0,0.2765072765072765,0.32504780114722753,70,258,0.5363825363825364,0.861430337529764,523.0,Shea,Langeliers,1997.0,28.0,Shea Langeliers
langfwy01,2025,1,TEX,AL,134,489,73,118,25,1,22,62.0,22.0,6.0,74,151.0,3.0,5.0,0.0,5.0,9.0,0.24130879345603273,0.343804537521815,70,211,0.43149284253578735,0.7752973800576024,573.0,Wyatt,Langford,2001.0,24.0,Wyatt Langford
larnatr01,2025,1,MIN,AL,142,503,62,126,24,1,17,60.0,4.0,4.0,53,122.0,2.0,4.0,0.0,6.0,19.0,0.2504970178926441,0.32332155477031804,84,203,0.40357852882703776,0.7269000835973558,566.0,Trevor,Larnach,1997.0,28.0,Trevor Larnach
leebr02,2025,1,MIN,AL,139,487,50,115,15,1,16,64.0,3.0,1.0,31,92.0,0.0,4.0,0.0,5.0,11.0,0.23613963039014374,0.2846299810246679,83,180,0.36960985626283366,0.6542398372875016,527.0,Brooks,Lee,2001.0,24.0,Brooks Lee
leeju01,2025,1,SFN,NL,150,560,73,149,31,12,8,55.0,10.0,3.0,47,71.0,0.0,6.0,0.0,4.0,2.0,0.26607142857142857,0.3273905996758509,98,228,0.40714285714285714,0.7345334568187081,617.0,Jung Hoo,Lee,1998.0,27.0,Jung Hoo Lee
lewisro02,2025,1,MIN,AL,106,376,36,89,18,0,13,52.0,12.0,2.0,25,80.0,0.0,0.0,0.0,2.0,7.0,0.23670212765957446,0.28287841191067,58,146,0.3882978723404255,0.6711762842510955,403.0,Royce,Lewis,1999.0,26.0,Royce Lewis
lileda01,2025,1,WAS,NL,91,321,51,96,15,11,9,41.0,8.0,6.0,21,56.0,0.0,4.0,1.0,3.0,5.0,0.29906542056074764,0.3467048710601719,61,160,0.4984423676012461,0.845147238661418,350.0,Daylen,Lile,2002.0,23.0,Daylen Lile
lindofr01,2025,1,NYN,NL,160,644,117,172,35,0,31,86.0,31.0,6.0,65,131.0,2.0,16.0,0.0,7.0,9.0,0.2670807453416149,0.34562841530054644,106,300,0.4658385093167702,0.8114669246173166,732.0,Francisco,Lindor,1993.0,32.0,Francisco Lindor
lopezot01,2025,1,MIA,NL,143,544,66,134,21,0,15,77.0,15.0,6.0,44,82.0,2.0,3.0,0.0,3.0,9.0,0.24632352941176472,0.3047138047138047,98,200,0.36764705882352944,0.6723608635373342,594.0,Otto,Lopez,1998.0,27.0,Otto Lopez
lowebr01,2025,1,TBA,AL,134,507,79,130,19,0,31,83.0,3.0,2.0,38,149.0,1.0,2.0,0.0,6.0,6.0,0.2564102564102564,0.3074141048824593,80,242,0.47731755424063116,0.7847316591230904,553.0,Brandon,Lowe,1994.0,31.0,Brandon Lowe
lowejo01,2025,1,TBA,AL,108,396,56,87,21,2,11,40.0,18.0,4.0,33,109.0,1.0,3.0,1.0,2.0,7.0,0.2196969696969697,0.2834101382488479,53,145,0.3661616161616162,0.6495717544104641,435.0,Josh,Lowe,1998.0,27.0,Josh Lowe
lowena01,2025,1,WAS,NL,119,440,50,95,17,2,16,68.0,1.0,0.0,47,130.0,0.0,1.0,0.0,2.0,5.0,0.2159090909090909,0.29183673469387755,60,164,0.37272727272727274,0.6645640074211503,490.0,Nathaniel,Lowe,1995.0,30.0,Nathaniel Lowe
lukesna01,2025,1,TOR,AL,135,388,55,99,19,2,12,65.0,2.0,4.0,38,60.0,2.0,2.0,7.0,3.0,12.0,0.2551546391752577,0.3225058004640371,66,158,0.4072164948453608,0.7297222953093979,438.0,Nathan,Lukes,1994.0,31.0,Nathan Lukes
luxga01,2025,1,CIN,NL,140,446,49,120,28,2,5,53.0,1.0,0.0,56,114.0,0.0,0.0,0.0,1.0,3.0,0.26905829596412556,0.3499005964214712,85,167,0.3744394618834081,0.7243400583048794,503.0,Gavin,Lux,1997.0,28.0,Gavin Lux
machama01,2025,1,SDN,NL,159,615,91,169,33,0,27,95.0,14.0,3.0,55,131.0,4.0,3.0,0.0,5.0,16.0,0.27479674796747966,0.33480825958702065,109,283,0.46016260162601624,0.7949708612130368,678.0,Manny,Machado,1992.0,33.0,Manny Machado
manguja01,2025,1,TBA,AL,118,405,37,120,18,1,3,40.0,27.0,6.0,19,64.0,0.0,2.0,1.0,1.0,4.0,0.2962962962962963,0.33021077283372363,98,149,0.36790123456790125,0.6981120074016249,428.0,Jake,Mangum,1996.0,29.0,Jake Mangum
manzaky01,2025,1,CLE,AL,142,470,47,110,19,2,27,70.0,2.0,0.0,48,135.0,2.0,8.0,0.0,5.0,7.0,0.23404255319148937,0.3126177024482109,62,214,0.4553191489361702,0.7679368513843812,531.0,Kyle,Manzardo,2000.0,25.0,Kyle Manzardo
marshbr02,2025,1,PHI,NL,133,379,59,106,25,2,11,43.0,7.0,1.0,38,110.0,1.0,0.0,3.0,4.0,2.0,0.2796833773087071,0.342042755344418,68,168,0.44327176781002636,0.7853145231544444,424.0,Brandon,Marsh,1997.0,28.0,Brandon Marsh
marteke01,2025,1,ARI,NL,126,480,87,136,28,0,28,72.0,4.0,2.0,64,83.0,6.0,9.0,0.0,3.0,12.0,0.2833333333333333,0.37589928057553956,80,248,0.5166666666666667,0.8925659472422063,556.0,Ketel,Marte,1993.0,32.0,Ketel Marte
marteno01,2025,1,CIN,NL,90,339,45,89,17,2,14,51.0,10.0,3.0,16,85.0,0.0,3.0,0.0,2.0,7.0,0.26253687315634217,0.3,56,152,0.44837758112094395,0.7483775811209439,360.0,Noelvi,Marte,2001.0,24.0,Noelvi Marte
martest01,2025,1,NYN,NL,98,293,37,79,14,0,9,34.0,7.0,2.0,22,68.0,0.0,9.0,1.0,4.0,7.0,0.2696245733788396,0.3353658536585366,56,120,0.40955631399317405,0.7449221676517106,329.0,Starling,Marte,1988.0,37.0,Starling Marte
martian02,2025,1,CLE,AL,139,446,56,100,23,2,11,45.0,8.0,2.0,23,110.0,0.0,6.0,5.0,4.0,8.0,0.2242152466367713,0.26931106471816285,64,160,0.35874439461883406,0.6280554593369969,484.0,Angel,Martínez,2002.0,23.0,Angel Martínez
mccutan01,2025,1,PIT,NL,135,477,51,114,22,0,13,57.0,1.0,1.0,67,118.0,5.0,2.0,0.0,3.0,12.0,0.2389937106918239,0.3333333333333333,79,175,0.3668763102725367,0.70020964360587,549.0,Andrew,McCutchen,1986.0,39.0,Andrew McCutchen
mckinza01,2025,1,DET,AL,144,452,68,117,23,11,12,49.0,19.0,5.0,46,111.0,1.0,7.0,1.0,5.0,6.0,0.2588495575221239,0.3333333333333333,71,198,0.43805309734513276,0.7713864306784661,511.0,Zach,McKinstry,1995.0,30.0,Zach McKinstry
mclaima01,2025,1,CIN,NL,147,510,73,112,18,0,15,50.0,18.0,2.0,55,167.0,0.0,5.0,3.0,4.0,8.0,0.2196078431372549,0.29965156794425085,79,175,0.3431372549019608,0.6427888228462116,577.0,Matt,McLain,1999.0,26.0,Matt McLain
mcmahry01,2025,1,COL,NL,100,350,42,76,15,1,16,35.0,2.0,1.0,49,127.0,1.0,1.0,0.0,1.0,4.0,0.21714285714285714,0.314214463840399,44,141,0.40285714285714286,0.7170716066975419,401.0,Ryan,McMahon,1994.0,31.0,Ryan McMahon
mcneije01,2025,1,NYN,NL,122,399,42,97,21,5,12,54.0,3.0,0.0,49,55.0,4.0,8.0,2.0,4.0,5.0,0.24310776942355888,0.3347826086956522,59,164,0.41102756892230574,0.745810177617958,462.0,Jeff,McNeil,1992.0,33.0,Jeff McNeil
meidrch01,2025,1,CHA,AL,122,450,54,114,15,0,5,23.0,14.0,4.0,45,72.0,0.0,6.0,3.0,1.0,14.0,0.25333333333333335,0.3286852589641434,94,144,0.32,0.6486852589641434,505.0,Chase,Meidroth,2001.0,24.0,Chase Meidroth
merrija01,2025,1,SDN,NL,115,440,59,116,25,6,16,67.0,1.0,2.0,33,108.0,1.0,4.0,1.0,5.0,4.0,0.2636363636363636,0.31742738589211617,69,201,0.45681818181818185,0.774245567710298,483.0,Jackson,Merrill,2003.0,22.0,Jackson Merrill
meyerja02,2025,1,HOU,AL,104,343,53,100,15,2,3,24.0,16.0,5.0,31,67.0,0.0,3.0,2.0,2.0,9.0,0.2915451895043732,0.35356200527704484,80,128,0.37317784256559766,0.7267398478426426,381.0,Jake,Meyers,1996.0,29.0,Jake Meyers
moniami01,2025,1,COL,NL,135,434,62,117,20,8,24,68.0,9.0,3.0,22,110.0,1.0,2.0,0.0,3.0,4.0,0.2695852534562212,0.30585683297180044,65,225,0.5184331797235023,0.8242900126953028,461.0,Mickey,Moniak,1998.0,27.0,Mickey Moniak
morelch01,2025,1,TBA,AL,105,278,37,61,16,0,11,33.0,7.0,2.0,25,109.0,0.0,2.0,0.0,0.0,8.0,0.21942446043165467,0.28852459016393445,34,110,0.39568345323741005,0.6842080434013444,305.0,Christopher,Morel,1999.0,26.0,Christopher Morel
morenga01,2025,1,ARI,NL,83,277,44,79,12,1,9,40.0,2.0,2.0,29,53.0,3.0,1.0,0.0,2.0,6.0,0.2851985559566787,0.35275080906148865,57,120,0.4332129963898917,0.7859638054513803,309.0,Gabriel,Moreno,2000.0,25.0,Gabriel Moreno
mountry01,2025,1,BAL,AL,89,332,34,83,18,0,7,35.0,3.0,0.0,15,98.0,0.0,4.0,0.0,6.0,10.0,0.25,0.2857142857142857,58,122,0.3674698795180723,0.653184165232358,357.0,Ryan,Mountcastle,1997.0,28.0,Ryan Mountcastle
mullice01,2025,1,BAL,AL,91,314,42,72,19,0,15,49.0,14.0,4.0,34,85.0,0.0,2.0,1.0,4.0,2.0,0.22929936305732485,0.3050847457627119,38,136,0.43312101910828027,0.7382057648709921,355.0,Cedric,Mullins,1994.0,31.0,Cedric Mullins
muncyma01,2025,1,LAN,NL,100,313,48,76,10,2,19,67.0,4.0,0.0,64,83.0,2.0,6.0,0.0,5.0,4.0,0.24281150159744408,0.37628865979381443,45,147,0.4696485623003195,0.8459372220941339,388.0,Max,Muncy,1990.0,35.0,Max Muncy
murphse01,2025,1,ATL,NL,94,291,34,58,13,0,16,45.0,0.0,0.0,35,105.0,1.0,8.0,0.0,3.0,9.0,0.19931271477663232,0.2997032640949555,29,119,0.40893470790378006,0.7086379719987356,337.0,Sean,Murphy,1994.0,31.0,Sean Murphy
myersda01,2025,1,MIA,NL,106,307,29,72,10,0,6,31.0,18.0,5.0,23,77.0,0.0,2.0,0.0,1.0,12.0,0.23452768729641693,0.2912912912912913,56,100,0.3257328990228013,0.6170241903140925,333.0,Dane,Myers,1996.0,29.0,Dane Myers
narvaca01,2025,1,BOS,AL,118,403,51,97,27,0,15,50.0,1.0,1.0,38,111.0,0.0,1.0,2.0,2.0,12.0,0.24069478908188585,0.3063063063063063,55,169,0.41935483870967744,0.7256611450159838,446.0,Carlos,Narváez,1998.0,27.0,Carlos Narváez
naylobo01,2025,1,CLE,AL,123,359,46,70,22,1,14,47.0,1.0,2.0,45,99.0,0.0,1.0,3.0,6.0,4.0,0.19498607242339833,0.2822384428223844,33,136,0.3788300835654596,0.661068526387844,414.0,Bo,Naylor,2000.0,25.0,Bo Naylor
naylojo01,2025,1,ARI,NL,93,349,49,102,19,1,11,59.0,11.0,2.0,37,49.0,4.0,2.0,0.0,4.0,14.0,0.2922636103151863,0.3596938775510204,71,156,0.4469914040114613,0.8066852815624816,392.0,Josh,Naylor,1997.0,28.0,Josh Naylor
netoza01,2025,1,LAA,AL,128,502,82,129,29,1,26,62.0,26.0,9.0,33,149.0,6.0,14.0,2.0,3.0,5.0,0.25697211155378485,0.3188405797101449,73,238,0.47410358565737054,0.7929441653675154,554.0,Zach,Neto,2001.0,24.0,Zach Neto
nimmobr01,2025,1,NYN,NL,155,587,81,154,27,0,25,92.0,13.0,1.0,50,141.0,1.0,7.0,1.0,7.0,8.0,0.262350936967632,0.3241167434715822,102,256,0.43611584327086883,0.7602325867424511,652.0,Brandon,Nimmo,1993.0,32.0,Brandon Nimmo
nootbla01,2025,1,SLN,NL,135,509,68,119,24,1,13,48.0,4.0,5.0,64,119.0,3.0,6.0,1.0,3.0,4.0,0.2337917485265226,0.3247422680412371,81,184,0.3614931237721022,0.6862353918133393,583.0,Lars,Nootbaar,1997.0,28.0,Lars Nootbaar
norbyco01,2025,1,MIA,NL,88,311,42,78,17,1,8,34.0,8.0,2.0,18,90.0,0.0,5.0,0.0,3.0,3.0,0.2508038585209003,0.2997032640949555,52,121,0.3890675241157556,0.6887707882107111,337.0,Connor,Norby,2000.0,25.0,Connor Norby
ohearry01,2025,1,BAL,AL,94,311,45,88,15,1,13,43.0,3.0,1.0,42,63.0,3.0,5.0,0.0,3.0,10.0,0.2829581993569132,0.3739612188365651,59,144,0.4630225080385852,0.8369837268751503,361.0,Ryan,O'Hearn,1993.0,32.0,Ryan O'Hearn
ohopplo01,2025,1,LAA,AL,119,423,35,90,8,1,19,43.0,2.0,1.0,24,139.0,0.0,2.0,1.0,1.0,12.0,0.2127659574468085,0.2577777777777778,62,157,0.37115839243498816,0.6289361702127659,451.0,Logan,O'Hoppe,2000.0,25.0,Logan O'Hoppe
ohtansh01,2025,1,LAN,NL,158,611,146,172,25,9,55,102.0,20.0,6.0,109,187.0,20.0,3.0,0.0,2.0,9.0,0.281505728314239,0.3917241379310345,83,380,0.6219312602291326,1.013655398160167,725.0,Shohei,Ohtani,1994.0,31.0,Shohei Ohtani
olsonma02,2025,1,ATL,NL,162,624,98,170,41,2,29,95.0,1.0,0.0,91,176.0,2.0,4.0,0.0,5.0,14.0,0.2724358974358974,0.3660220994475138,98,302,0.483974358974359,0.8499964584218728,724.0,Matt,Olson,1994.0,31.0,Matt Olson
ortizjo06,2025,1,MIL,NL,149,470,62,108,18,1,7,45.0,14.0,3.0,27,74.0,0.0,3.0,6.0,0.0,10.0,0.2297872340425532,0.276,82,149,0.3170212765957447,0.5930212765957448,506.0,Joey,Ortiz,1998.0,27.0,Joey Ortiz
ozunama01,2025,1,ATL,NL,145,487,61,113,19,0,21,68.0,0.0,0.0,94,144.0,2.0,3.0,0.0,7.0,11.0,0.23203285420944558,0.3553299492385787,73,195,0.4004106776180698,0.7557406268566484,591.0,Marcell,Ozuna,1990.0,35.0,Marcell Ozuna
pagesan01,2025,1,LAN,NL,156,581,74,158,27,1,27,86.0,14.0,7.0,29,135.0,0.0,8.0,0.0,6.0,9.0,0.2719449225473322,0.3125,103,268,0.4612736660929432,0.7737736660929432,624.0,Andy,Pages,2000.0,25.0,Andy Pages
pagespe01,2025,1,SLN,NL,112,361,38,83,15,0,11,45.0,0.0,0.0,19,107.0,1.0,3.0,3.0,3.0,9.0,0.2299168975069252,0.27202072538860106,57,131,0.3628808864265928,0.6349016118151938,389.0,Pedro,Pagés,1998.0,27.0,Pedro Pagés
paredis01,2025,1,HOU,AL,102,378,53,96,15,1,20,53.0,0.0,1.0,50,76.0,0.0,8.0,0.0,2.0,10.0,0.25396825396825395,0.3515981735159817,60,173,0.4576719576719577,0.8092701311879393,438.0,Isaac,Paredes,1999.0,26.0,Isaac Paredes
pasquvi01,2025,1,KCA,AL,160,621,72,164,33,1,32,113.0,1.0,0.0,49,107.0,5.0,7.0,0.0,5.0,14.0,0.2640901771336554,0.3225806451612903,98,295,0.4750402576489533,0.7976209028102437,682.0,Vinnie,Pasquantino,1997.0,28.0,Vinnie Pasquantino
pederjo01,2025,1,TEX,AL,96,265,28,48,10,1,9,26.0,2.0,0.0,34,65.0,0.0,5.0,0.0,1.0,5.0,0.1811320754716981,0.28524590163934427,28,87,0.3283018867924528,0.613547788431797,305.0,Joc,Pederson,1992.0,33.0,Joc Pederson
penaje02,2025,1,HOU,AL,125,493,68,150,30,2,17,62.0,20.0,2.0,35,93.0,2.0,12.0,1.0,2.0,9.0,0.30425963488843816,0.3634686346863469,101,235,0.4766734279918864,0.8401420626782332,543.0,Jeremy,Peña,1997.0,28.0,Jeremy Peña
perdoge01,2025,1,ARI,NL,161,597,98,173,33,5,20,100.0,27.0,6.0,94,83.0,1.0,10.0,8.0,11.0,11.0,0.2897822445561139,0.3890449438202247,115,276,0.4623115577889447,0.8513565016091694,720.0,Geraldo,Perdomo,1999.0,26.0,Geraldo Perdomo
perezsa02,2025,1,KCA,AL,155,597,54,141,35,0,30,100.0,0.0,0.0,28,125.0,5.0,12.0,0.0,1.0,14.0,0.23618090452261306,0.2836990595611285,76,266,0.4455611390284757,0.7292601985896042,638.0,Salvador,Perez,1990.0,35.0,Salvador Perez
perezwe01,2025,1,DET,AL,100,344,47,84,17,4,13,43.0,8.0,3.0,31,87.0,0.0,3.0,0.0,5.0,5.0,0.2441860465116279,0.30809399477806787,50,148,0.43023255813953487,0.7383265529176027,383.0,Wenceel,Pérez,1999.0,26.0,Wenceel Pérez
phamth01,2025,1,PIT,NL,120,392,44,96,17,1,10,52.0,5.0,3.0,50,94.0,3.0,2.0,0.0,5.0,12.0,0.24489795918367346,0.32962138084632514,68,145,0.36989795918367346,0.6995193400299986,449.0,Tommy,Pham,1988.0,37.0,Tommy Pham
polanjo01,2025,1,SEA,AL,138,471,64,125,30,0,26,78.0,6.0,3.0,42,82.0,1.0,3.0,3.0,5.0,7.0,0.2653927813163482,0.32629558541266795,69,233,0.49469214437367304,0.820987729786341,524.0,Jorge,Polanco,1993.0,32.0,Jorge Polanco
profaju01,2025,1,ATL,NL,80,318,56,78,16,1,14,43.0,9.0,2.0,48,59.0,0.0,5.0,0.0,0.0,4.0,0.24528301886792453,0.353099730458221,47,138,0.4339622641509434,0.7870619946091644,371.0,Jurickson,Profar,1993.0,32.0,Jurickson Profar
queroed01,2025,1,CHA,AL,111,365,31,98,17,0,5,36.0,0.0,1.0,32,71.0,0.0,4.0,0.0,2.0,8.0,0.2684931506849315,0.3325062034739454,76,130,0.3561643835616438,0.6886705870355891,403.0,Edgar,Quero,2003.0,22.0,Edgar Quero
rafaece01,2025,1,BOS,AL,156,546,84,136,34,4,16,63.0,20.0,5.0,28,117.0,0.0,8.0,3.0,2.0,9.0,0.2490842490842491,0.2945205479452055,82,226,0.4139194139194139,0.7084399618646193,587.0,Ceddanne,Rafaela,2000.0,25.0,Ceddanne Rafaela
raleica01,2025,1,SEA,AL,159,596,110,147,24,0,60,125.0,14.0,4.0,97,188.0,17.0,9.0,0.0,3.0,6.0,0.24664429530201343,0.3588652482269504,63,351,0.5889261744966443,0.9477914227235946,705.0,Cal,Raleigh,1996.0,29.0,Cal Raleigh
ramirag01,2025,1,MIA,NL,136,537,72,124,33,1,21,67.0,16.0,3.0,36,113.0,2.0,8.0,0.0,4.0,13.0,0.2309124767225326,0.28717948717948716,69,222,0.4134078212290503,0.7005873084085374,585.0,Agustín,Ramírez,2001.0,24.0,Agustín Ramírez
ramirjo01,2025,1,CLE,AL,158,593,103,168,34,3,30,85.0,44.0,7.0,66,74.0,22.0,8.0,0.0,5.0,9.0,0.28330522765598654,0.3601190476190476,101,298,0.5025295109612141,0.8626485585802617,672.0,Jose,Ramirez,1992.0,33.0,Jose Ramirez
ramoshe02,2025,1,SFN,NL,157,620,85,159,24,1,21,69.0,6.0,4.0,52,158.0,2.0,17.0,0.0,6.0,16.0,0.2564516129032258,0.32805755395683456,113,248,0.4,0.7280575539568346,695.0,Heliot,Ramos,1999.0,26.0,Heliot Ramos
realmjt01,2025,1,PHI,NL,134,502,57,129,26,1,12,52.0,8.0,2.0,35,129.0,1.0,9.0,0.0,3.0,13.0,0.25697211155378485,0.3151183970856102,90,193,0.3844621513944223,0.6995805484800325,549.0,J. T.,Realmuto,1991.0,34.0,J. T. Realmuto
rengilu01,2025,1,LAA,AL,147,501,55,119,16,3,9,43.0,10.0,7.0,33,104.0,0.0,3.0,1.0,3.0,7.0,0.2375249500998004,0.28703703703703703,91,168,0.33532934131736525,0.6223663783544022,541.0,Luis,Rengifo,1997.0,28.0,Luis Rengifo
reynobr01,2025,1,PIT,NL,154,587,68,144,38,3,16,73.0,3.0,2.0,57,173.0,1.0,7.0,0.0,3.0,15.0,0.2453151618398637,0.3180428134556575,87,236,0.4020442930153322,0.7200871064709897,654.0,Bryan,Reynolds,1995.0,30.0,Bryan Reynolds
ricebe01,2025,1,NYA,AL,138,467,74,119,28,4,26,65.0,3.0,2.0,50,100.0,0.0,9.0,0.0,2.0,18.0,0.25481798715203424,0.3371212121212121,61,233,0.4989293361884368,0.836050548309649,528.0,Ben,Rice,1999.0,26.0,Ben Rice
rileyau01,2025,1,ATL,NL,102,416,54,108,20,1,16,54.0,2.0,1.0,27,128.0,1.0,3.0,0.0,1.0,9.0,0.25961538461538464,0.3087248322147651,71,178,0.42788461538461536,0.7366094475993805,447.0,Austin,Riley,1997.0,28.0,Austin Riley
roberlu01,2025,1,CHA,AL,110,382,52,85,12,0,14,53.0,33.0,8.0,40,112.0,3.0,2.0,1.0,3.0,8.0,0.22251308900523561,0.297423887587822,59,139,0.36387434554973824,0.6612982331375603,428.0,Luis,Robert,1997.0,28.0,Luis Robert
rocchbr01,2025,1,CLE,AL,115,344,34,80,18,2,5,44.0,8.0,4.0,22,77.0,0.0,8.0,4.0,5.0,4.0,0.23255813953488372,0.29023746701846964,55,117,0.34011627906976744,0.6303537460882371,383.0,Brayan,Rocchio,2001.0,24.0,Brayan Rocchio
rodriju01,2025,1,SEA,AL,160,652,106,174,31,4,32,95.0,30.0,6.0,44,152.0,5.0,12.0,0.0,2.0,15.0,0.2668711656441718,0.323943661971831,107,309,0.47392638036809814,0.7978700423399292,710.0,Julio,Rodriguez,2000.0,25.0,Julio Rodriguez
rojasmi02,2025,1,LAN,NL,114,290,35,76,18,0,7,27.0,5.0,0.0,24,46.0,1.0,0.0,3.0,0.0,7.0,0.2620689655172414,0.3184713375796178,51,115,0.39655172413793105,0.7150230617175488,317.0,Miguel,Rojas,1989.0,36.0,Miguel Rojas
rookebr01,2025,1,ATH,AL,162,626,92,164,40,3,30,89.0,6.0,1.0,65,155.0,4.0,5.0,0.0,2.0,13.0,0.26198083067092653,0.335243553008596,91,300,0.4792332268370607,0.8144767798456567,698.0,Brent,Rooker,1994.0,31.0,Brent Rooker
rutscad01,2025,1,BAL,AL,90,322,37,71,16,2,9,29.0,0.0,0.0,40,57.0,0.0,1.0,0.0,2.0,8.0,0.2204968944099379,0.30684931506849317,44,118,0.36645962732919257,0.6733089423976857,365.0,Adley,Rutschman,1998.0,27.0,Adley Rutschman
sanchje02,2025,1,MIA,NL,86,305,40,78,12,4,10,36.0,9.0,2.0,29,70.0,1.0,1.0,0.0,2.0,8.0,0.25573770491803277,0.32047477744807124,52,128,0.419672131147541,0.7401469085956123,337.0,Jesus,Sanchez,1997.0,28.0,Jesus Sanchez
sanojja01,2025,1,MIA,NL,120,313,40,76,22,4,6,38.0,6.0,5.0,19,41.0,0.0,2.0,4.0,4.0,2.0,0.24281150159744408,0.2869822485207101,44,124,0.3961661341853035,0.6831483827060136,342.0,Javier,Sanoja,2002.0,23.0,Javier Sanoja
santaca01,2025,1,CLE,AL,116,396,49,89,10,0,11,52.0,7.0,0.0,52,86.0,1.0,3.0,0.0,4.0,7.0,0.22474747474747475,0.31648351648351647,68,132,0.3333333333333333,0.6498168498168497,455.0,Carlos,Santana,1986.0,39.0,Carlos Santana
schanno01,2025,1,LAA,AL,132,488,64,129,23,1,12,53.0,5.0,1.0,59,71.0,4.0,10.0,3.0,4.0,10.0,0.26434426229508196,0.35294117647058826,93,190,0.38934426229508196,0.7422854387656702,564.0,Nolan,Schanuel,2002.0,23.0,Nolan Schanuel
schmica01,2025,1,SFN,NL,95,312,34,74,15,0,12,40.0,0.0,0.0,27,83.0,1.0,5.0,1.0,3.0,6.0,0.23717948717948717,0.30547550432276654,47,125,0.40064102564102566,0.7061165299637921,348.0,Casey,Schmitt,1999.0,26.0,Casey Schmitt
schneda04,2025,1,CLE,AL,131,379,48,78,18,1,12,41.0,9.0,3.0,38,117.0,1.0,3.0,1.0,1.0,4.0,0.20580474934036938,0.2826603325415677,47,134,0.35356200527704484,0.6362223378186125,422.0,Daniel,Schneemann,1997.0,28.0,Daniel Schneemann
schwaky01,2025,1,PHI,NL,162,604,111,145,23,2,56,132.0,10.0,2.0,108,197.0,6.0,11.0,0.0,1.0,4.0,0.24006622516556292,0.36464088397790057,64,340,0.5629139072847682,0.9275547912626687,724.0,Kyle,Schwarber,1993.0,32.0,Kyle Schwarber
scottvi01,2025,1,SLN,NL,138,398,54,86,15,1,5,37.0,34.0,4.0,42,111.0,0.0,10.0,10.0,3.0,3.0,0.21608040201005024,0.304635761589404,65,118,0.2964824120603015,0.6011181736497055,463.0,Victor,Scott,2001.0,24.0,Victor Scott
seageco01,2025,1,TEX,AL,102,380,61,103,19,0,21,50.0,3.0,0.0,58,87.0,10.0,5.0,0.0,2.0,13.0,0.2710526315789474,0.37303370786516854,63,185,0.4868421052631579,0.8598758131283264,445.0,Corey,Seager,1994.0,31.0,Corey Seager
semiema01,2025,1,TEX,AL,127,470,62,108,16,1,15,62.0,11.0,1.0,50,93.0,0.0,5.0,0.0,9.0,8.0,0.2297872340425532,0.3052434456928839,76,171,0.3638297872340426,0.6690732329269264,534.0,Marcus,Semien,1990.0,35.0,Marcus Semien
shawma01,2025,1,CHN,NL,126,393,57,89,21,3,13,44.0,17.0,5.0,38,94.0,0.0,2.0,0.0,4.0,2.0,0.22646310432569974,0.2951945080091533,52,155,0.3944020356234097,0.6895965436325631,437.0,Matt,Shaw,2001.0,24.0,Matt Shaw
sheetga01,2025,1,SDN,NL,145,492,57,124,28,1,19,71.0,2.0,1.0,44,107.0,1.0,5.0,0.0,4.0,9.0,0.25203252032520324,0.3174311926605505,76,211,0.42886178861788615,0.7462929812784367,545.0,Gavin,Sheets,1996.0,29.0,Gavin Sheets
simpsch01,2025,1,TBA,AL,109,414,53,122,15,3,0,26.0,44.0,12.0,20,43.0,0.0,0.0,3.0,2.0,10.0,0.2946859903381642,0.3256880733944954,104,143,0.34541062801932365,0.671098701413819,439.0,Chandler,Simpson,2000.0,25.0,Chandler Simpson
smithca07,2025,1,HOU,AL,134,441,55,104,21,3,9,51.0,8.0,1.0,43,137.0,0.0,7.0,0.0,2.0,11.0,0.23582766439909297,0.31237322515212984,71,158,0.35827664399092973,0.6706498691430596,493.0,Cam,Smith,2003.0,22.0,Cam Smith
smithjo09,2025,1,TEX,AL,144,495,70,124,23,2,10,35.0,12.0,3.0,55,100.0,2.0,8.0,3.0,1.0,3.0,0.2505050505050505,0.334525939177102,89,181,0.3656565656565657,0.7001825048336676,562.0,Josh,Smith,1997.0,28.0,Josh Smith
smithwi05,2025,1,LAN,NL,110,362,64,107,20,1,17,61.0,2.0,3.0,64,89.0,1.0,5.0,0.0,5.0,7.0,0.2955801104972376,0.4036697247706422,69,180,0.4972375690607735,0.9009072938314158,436.0,Will,Smith,1995.0,30.0,Will Smith
soderty01,2025,1,ATH,AL,158,561,75,155,34,1,25,93.0,8.0,3.0,55,141.0,2.0,6.0,0.0,2.0,18.0,0.27629233511586454,0.34615384615384615,95,266,0.4741532976827095,0.8203071438365557,624.0,Tyler,Soderstrom,2001.0,24.0,Tyler Soderstrom
solerjo01,2025,1,LAA,AL,82,279,31,60,12,0,12,34.0,0.0,0.0,28,94.0,0.0,4.0,0.0,3.0,5.0,0.21505376344086022,0.2929936305732484,36,108,0.3870967741935484,0.6800904047667968,314.0,Jorge,Soler,1992.0,33.0,Jorge Soler
sosale01,2025,1,CHA,AL,140,518,57,137,20,1,22,75.0,2.0,1.0,18,127.0,0.0,4.0,1.0,3.0,11.0,0.2644787644787645,0.292817679558011,94,225,0.4343629343629344,0.7271806139209454,544.0,Lenyn,Sosa,2000.0,25.0,Lenyn Sosa
sotoju01,2025,1,NYN,NL,160,577,120,152,20,1,43,105.0,38.0,4.0,127,137.0,13.0,3.0,1.0,6.0,17.0,0.2634315424610052,0.3955119214586255,88,303,0.5251299826689775,0.920641904127603,714.0,Juan,Soto,1998.0,27.0,Juan Soto
springe01,2025,1,TOR,AL,140,498,106,154,27,1,32,84.0,18.0,1.0,69,111.0,3.0,8.0,0.0,4.0,14.0,0.3092369477911647,0.39896373056994816,94,279,0.5602409638554217,0.9592046944253698,579.0,George,Springer,1989.0,36.0,George Springer
steersp01,2025,1,CIN,NL,146,509,66,121,21,2,21,75.0,7.0,1.0,51,129.0,0.0,5.0,1.0,2.0,12.0,0.23772102161100198,0.31216931216931215,77,209,0.4106090373280943,0.7227783494974065,568.0,Spencer,Steer,1997.0,28.0,Spencer Steer
stephty01,2025,1,CIN,NL,88,299,40,69,18,0,13,50.0,0.0,1.0,37,116.0,1.0,2.0,0.0,4.0,4.0,0.23076923076923078,0.3157894736842105,38,126,0.4214046822742475,0.737194155958458,342.0,Tyler,Stephenson,1996.0,29.0,Tyler Stephenson
storytr01,2025,1,BOS,AL,157,612,91,161,29,0,25,96.0,31.0,1.0,33,176.0,1.0,7.0,1.0,1.0,3.0,0.2630718954248366,0.30781010719754975,107,265,0.43300653594771243,0.7408166431452622,654.0,Trevor,Story,1992.0,33.0,Trevor Story
stottbr01,2025,1,PHI,NL,147,499,66,128,22,3,13,66.0,24.0,5.0,54,91.0,1.0,1.0,2.0,4.0,4.0,0.2565130260521042,0.3279569892473118,90,195,0.3907815631262525,0.7187385523735643,560.0,Bryson,Stott,1997.0,28.0,Bryson Stott
stoweky01,2025,1,MIA,NL,117,399,61,115,21,3,25,73.0,5.0,1.0,48,125.0,3.0,5.0,1.0,4.0,6.0,0.2882205513784461,0.3684210526315789,66,217,0.543859649122807,0.9122807017543859,457.0,Kyle,Stowers,1998.0,27.0,Kyle Stowers
suareeu01,2025,1,ARI,NL,106,387,64,96,19,0,36,87.0,1.0,0.0,29,117.0,1.0,15.0,0.0,6.0,7.0,0.24806201550387597,0.32036613272311215,41,223,0.5762273901808785,0.8965935229039907,437.0,Eugenio,Suarez,1991.0,34.0,Eugenio Suarez
suzukse01,2025,1,CHN,NL,151,571,75,140,31,3,32,103.0,5.0,2.0,71,164.0,1.0,1.0,0.0,8.0,13.0,0.24518388791593695,0.32565284178187404,74,273,0.47810858143607704,0.8037614232179511,651.0,Seiya,Suzuki,1994.0,31.0,Seiya Suzuki
swansda01,2025,1,CHN,NL,159,590,84,144,24,3,24,77.0,20.0,3.0,47,168.0,1.0,2.0,1.0,5.0,9.0,0.2440677966101695,0.2996894409937888,93,246,0.41694915254237286,0.7166385935361617,645.0,Dansby,Swanson,1994.0,31.0,Dansby Swanson
sweentr01,2025,1,DET,AL,118,296,36,58,6,2,6,32.0,3.0,1.0,26,92.0,0.0,0.0,0.0,4.0,2.0,0.19594594594594594,0.25766871165644173,44,86,0.2905405405405405,0.5482092521969822,326.0,Trey,Sweeney,2000.0,25.0,Trey Sweeney
tatisfe02,2025,1,SDN,NL,155,594,111,159,27,2,25,71.0,32.0,7.0,89,129.0,7.0,6.0,0.0,2.0,6.0,0.2676767676767677,0.3675832127351664,105,265,0.44612794612794615,0.8137111588631125,691.0,Fernando,Tatis,1999.0,26.0,Fernando Tatis
tauchmi01,2025,1,CHA,AL,93,335,44,88,17,1,9,40.0,0.0,0.0,45,86.0,0.0,4.0,0.0,1.0,5.0,0.2626865671641791,0.35584415584415585,61,134,0.4,0.7558441558441559,385.0,Mike,Tauchman,1990.0,35.0,Mike Tauchman
taylomi02,2025,1,CHA,AL,134,295,33,59,20,1,9,35.0,8.0,3.0,23,110.0,1.0,1.0,4.0,2.0,7.0,0.2,0.2585669781931464,29,108,0.36610169491525424,0.6246686731084006,325.0,Michael,Taylor,1991.0,34.0,Michael Taylor
tayloty01,2025,1,NYN,NL,113,310,34,69,18,3,2,27.0,12.0,2.0,16,76.0,1.0,9.0,3.0,2.0,4.0,0.22258064516129034,0.2789317507418398,46,99,0.3193548387096774,0.5982865894515172,340.0,Tyrone,Taylor,1994.0,31.0,Tyrone Taylor
thomaal01,2025,1,ARI,NL,143,433,51,108,19,3,9,38.0,7.0,4.0,21,122.0,0.0,5.0,6.0,4.0,2.0,0.24942263279445728,0.2894168466522678,77,160,0.3695150115473441,0.658931858199612,469.0,Alek,Thomas,2000.0,25.0,Alek Thomas
toglimi01,2025,1,COL,NL,88,306,22,58,15,1,11,32.0,3.0,0.0,28,132.0,2.0,1.0,0.0,2.0,7.0,0.1895424836601307,0.258160237388724,31,108,0.35294117647058826,0.6111014138593123,337.0,Michael,Toglia,1998.0,27.0,Michael Toglia
torkesp01,2025,1,DET,AL,155,563,82,135,27,1,31,78.0,2.0,1.0,72,169.0,6.0,9.0,0.0,5.0,12.0,0.23978685612788633,0.33281972265023113,76,257,0.4564831261101243,0.7893028487603555,649.0,Spencer,Torkelson,1999.0,26.0,Spencer Torkelson
torregl01,2025,1,DET,AL,145,532,79,136,22,0,16,74.0,4.0,1.0,85,101.0,0.0,4.0,0.0,7.0,11.0,0.2556390977443609,0.35828025477707004,98,206,0.38721804511278196,0.7454982998898521,628.0,Gleyber,Torres,1996.0,29.0,Gleyber Torres
tovarez01,2025,1,COL,NL,95,360,44,91,18,4,9,33.0,5.0,3.0,21,98.0,0.0,1.0,6.0,2.0,2.0,0.25277777777777777,0.2942708333333333,60,144,0.4,0.6942708333333334,390.0,Ezequiel,Tovar,2001.0,24.0,Ezequiel Tovar
trevijo01,2025,1,CIN,NL,94,282,30,67,20,0,4,22.0,0.0,0.0,15,39.0,0.0,0.0,1.0,4.0,9.0,0.2375886524822695,0.2724252491694352,43,99,0.35106382978723405,0.6234890789566693,302.0,Jose,Trevino,1992.0,33.0,Jose Trevino
triolja01,2025,1,PIT,NL,107,331,41,75,18,2,7,24.0,13.0,2.0,39,76.0,1.0,2.0,3.0,1.0,4.0,0.22658610271903323,0.3109919571045576,48,118,0.3564954682779456,0.6674874253825032,376.0,Jared,Triolo,1998.0,27.0,Jared Triolo
troutmi01,2025,1,LAA,AL,130,456,73,106,14,1,26,64.0,2.0,0.0,87,178.0,10.0,6.0,0.0,6.0,7.0,0.2324561403508772,0.35855855855855856,65,200,0.43859649122807015,0.7971550497866287,555.0,Mike,Trout,1991.0,34.0,Mike Trout
tuckeky01,2025,1,CHN,NL,136,500,91,133,25,4,22,73.0,25.0,3.0,87,88.0,7.0,4.0,1.0,3.0,8.0,0.266,0.3771043771043771,82,232,0.464,0.8411043771043771,595.0,Kyle,Tucker,1997.0,28.0,Kyle Tucker
turanbr02,2025,1,MIL,NL,156,584,97,168,28,2,18,81.0,24.0,8.0,66,150.0,1.0,2.0,2.0,5.0,3.0,0.2876712328767123,0.3592085235920852,120,254,0.4349315068493151,0.7941400304414004,659.0,Brice,Turang,1999.0,26.0,Brice Turang
turnetr01,2025,1,PHI,NL,141,589,94,179,31,7,15,69.0,36.0,7.0,43,107.0,1.0,5.0,0.0,2.0,11.0,0.30390492359932086,0.35524256651017216,126,269,0.4567062818336163,0.8119488483437884,639.0,Trea,Turner,1993.0,32.0,Trea Turner
uriaslu01,2025,1,ATH,AL,96,287,27,66,7,0,8,25.0,2.0,1.0,31,45.0,0.0,6.0,0.0,3.0,9.0,0.22996515679442509,0.3149847094801223,51,97,0.33797909407665505,0.6529638035567773,327.0,Luis,Urias,1997.0,28.0,Luis Urias
vargami01,2025,1,CHA,AL,138,504,80,118,32,2,16,60.0,6.0,0.0,56,100.0,0.0,6.0,0.0,3.0,9.0,0.23412698412698413,0.3163444639718805,68,202,0.4007936507936508,0.7171381147655314,569.0,Miguel,Vargas,1999.0,26.0,Miguel Vargas
vientma01,2025,1,NYN,NL,121,424,44,99,21,2,17,61.0,1.0,0.0,30,115.0,0.0,5.0,0.0,4.0,11.0,0.23349056603773585,0.2894168466522678,59,175,0.41273584905660377,0.7021526957088715,463.0,Mark,Vientos,1999.0,26.0,Mark Vientos
volpean01,2025,1,NYA,AL,153,539,65,114,32,4,19,72.0,18.0,8.0,43,150.0,0.0,4.0,3.0,7.0,10.0,0.21150278293135436,0.2715008431703204,59,211,0.3914656771799629,0.6629665203502833,596.0,Anthony,Volpe,2001.0,24.0,Anthony Volpe
wagamer01,2025,1,MIA,NL,140,476,56,119,28,3,9,53.0,4.0,1.0,32,100.0,0.0,1.0,0.0,5.0,11.0,0.25,0.29571984435797666,79,180,0.37815126050420167,0.6738711048621784,514.0,Eric,Wagaman,1997.0,28.0,Eric Wagaman
walkech02,2025,1,HOU,AL,154,585,72,139,24,1,27,88.0,2.0,1.0,40,177.0,1.0,11.0,0.0,4.0,10.0,0.2376068376068376,0.296875,87,246,0.4205128205128205,0.7173878205128206,640.0,Christian,Walker,1991.0,34.0,Christian Walker
walkejo02,2025,1,SLN,NL,111,363,40,78,13,1,6,41.0,10.0,3.0,29,126.0,1.0,3.0,0.0,1.0,9.0,0.21487603305785125,0.2777777777777778,58,111,0.30578512396694213,0.5835629017447199,396.0,Jordan,Walker,2002.0,23.0,Jordan Walker
wallnma01,2025,1,MIN,AL,104,336,47,68,16,3,22,40.0,4.0,3.0,46,114.0,0.0,8.0,0.0,2.0,3.0,0.20238095238095238,0.3112244897959184,27,156,0.4642857142857143,0.7755102040816326,392.0,Matt,Wallner,1997.0,28.0,Matt Wallner
wallsta01,2025,1,TBA,AL,101,282,36,62,14,1,4,38.0,14.0,6.0,26,70.0,0.0,0.0,3.0,6.0,1.0,0.2198581560283688,0.2802547770700637,43,90,0.3191489361702128,0.5994037132402765,317.0,Taylor,Walls,1996.0,29.0,Taylor Walls
wardta01,2025,1,LAA,AL,157,579,86,132,31,2,36,103.0,4.0,1.0,75,175.0,1.0,3.0,0.0,6.0,13.0,0.22797927461139897,0.3167420814479638,63,275,0.4749568221070812,0.791698903555045,663.0,Taylor,Ward,1993.0,32.0,Taylor Ward
wellsau01,2025,1,NYA,AL,126,401,51,88,22,1,21,71.0,5.0,1.0,30,118.0,0.0,5.0,0.0,11.0,10.0,0.2194513715710723,0.2751677852348993,44,175,0.43640897755610975,0.711576762791009,447.0,Austin,Wells,1999.0,26.0,Austin Wells
westbjo01,2025,1,BAL,AL,85,328,59,87,10,1,17,41.0,1.0,2.0,17,80.0,0.0,6.0,0.0,1.0,5.0,0.2652439024390244,0.3125,59,150,0.4573170731707317,0.7698170731707317,352.0,Jordan,Westburg,1999.0,26.0,Jordan Westburg
wilsoja04,2025,1,ATH,AL,125,486,62,151,26,0,13,63.0,5.0,2.0,27,39.0,1.0,7.0,2.0,1.0,16.0,0.31069958847736623,0.3550863723608445,112,216,0.4444444444444444,0.7995308168052889,523.0,Jacob,Wilson,2002.0,23.0,Jacob Wilson
winnma01,2025,1,SLN,NL,129,491,72,124,27,0,9,51.0,9.0,5.0,34,102.0,0.0,8.0,2.0,2.0,11.0,0.2525458248472505,0.3102803738317757,88,178,0.3625254582484725,0.6728058320802481,537.0,Masyn,Winn,2002.0,23.0,Masyn Winn
wittbo02,2025,1,KCA,AL,157,623,99,184,47,6,23,88.0,38.0,9.0,49,125.0,8.0,8.0,0.0,7.0,7.0,0.2953451043338684,0.3508005822416303,108,312,0.5008025682182986,0.8516031504599288,687.0,Bobby,Witt,2000.0,25.0,Bobby Witt
woodja03,2025,1,WAS,NL,157,598,87,153,38,0,31,94.0,15.0,7.0,85,221.0,8.0,3.0,0.0,3.0,12.0,0.25585284280936454,0.3497822931785196,84,284,0.47491638795986624,0.8246986811383858,689.0,James,Wood,2002.0,23.0,James Wood
yastrmi01,2025,1,SFN,NL,97,321,38,74,14,1,8,28.0,6.0,2.0,47,86.0,4.0,1.0,2.0,1.0,4.0,0.23052959501557632,0.32972972972972975,51,114,0.35514018691588783,0.6848699166456176,372.0,Mike,Yastrzemski,1990.0,35.0,Mike Yastrzemski
yelicch01,2025,1,MIL,NL,150,573,88,151,21,0,29,103.0,16.0,6.0,64,167.0,6.0,6.0,0.0,1.0,6.0,0.26352530541012215,0.34316770186335405,101,259,0.45200698080279234,0.7951746826661463,644.0,Christian,Yelich,1991.0,34.0,Christian Yelich
youngja03,2025,1,WAS,NL,120,324,34,75,10,1,2,31.0,15.0,11.0,27,65.0,0.0,3.0,9.0,1.0,7.0,0.23148148148148148,0.29577464788732394,62,93,0.28703703703703703,0.582811684924361,364.0,Jacob,Young,1999.0,26.0,Jacob Young
